{
    "directory": [],
    "sql_file": "",
    "files": [
      {
          "root_directory"    : "update/update_3.6/controllers/Admin.php",
          "update_directory"  : "application/controllers/Admin.php"
      },
      {
          "root_directory"    : "update/update_3.6/controllers/User.php",
          "update_directory"  : "application/controllers/User.php"
      },
      {
          "root_directory"    : "update/update_3.6/models/Crud_model.php",
          "update_directory"  : "application/models/Crud_model.php"
      },
      {
          "root_directory"    : "update/update_3.6/views/backend/admin/course_edit.php",
          "update_directory"  : "application/views/backend/admin/course_edit.php"
      },
      {
          "root_directory"    : "update/update_3.6/views/backend/admin/lesson_add.php",
          "update_directory"  : "application/views/backend/admin/lesson_add.php"
      },
      {
          "root_directory"    : "update/update_3.6/views/backend/admin/lesson_edit.php",
          "update_directory"  : "application/views/backend/admin/lesson_edit.php"
      },
      {
          "root_directory"    : "update/update_3.6/views/backend/admin/navigation.php",
          "update_directory"  : "application/views/backend/admin/navigation.php"
      },
      {
          "root_directory"    : "update/update_3.6/views/backend/user/course_edit.php",
          "update_directory"  : "application/views/backend/user/course_edit.php"
      },
      {
          "root_directory"    : "update/update_3.6/views/backend/user/lesson_add.php",
          "update_directory"  : "application/views/backend/user/lesson_add.php"
      },
      {
          "root_directory"    : "update/update_3.6/views/backend/user/lesson_edit.php",
          "update_directory"  : "application/views/backend/user/lesson_edit.php"
      },
      {
          "root_directory"    : "update/update_3.6/views/frontend/default/shopping_cart.php",
          "update_directory"  : "application/views/frontend/default/shopping_cart.php"
      },
      {
          "root_directory"    : "update/update_3.6/views/frontend/default/shopping_cart_inner_view.php",
          "update_directory"  : "application/views/frontend/default/shopping_cart_inner_view.php"
      },
      {
          "root_directory"    : "update/update_3.6/views/lessons/course_content_body.php",
          "update_directory"  : "application/views/lessons/course_content_body.php"
      },
      {
          "root_directory"    : "update/update_3.6/views/lessons/course_content_sidebar.php",
          "update_directory"  : "application/views/lessons/course_content_sidebar.php"
      }
    ]
  }
